id_servicio,descripcion,tipo,precioUnitario,cantidad,totalServicio
51,ensamble vestido,2,860.000000,25,21500.000000
54,boton camisa,2,145.000000,120,17400.000000
60,cambio boton,2,70.000000,10,700.000000
63,boton camisa,2,145.000000,120,17400.000000
72,boton camisa,2,145.000000,60,8700.000000
73,cambio boton,2,70.000000,25,1750.000000
74,ensamble vestido,2,860.000000,15,12900.000000
